,train-rmse-mean,train-rmse-std,test-rmse-mean,test-rmse-std
0,30522.6335936,170.4906747747595,30516.385156199998,673.7098078743369
