,train-rmse-mean,train-rmse-std,test-rmse-mean,test-rmse-std
0,30522.6324218,170.49021129518675,30516.384375,673.7094951672661
