,train-rmse-mean,train-rmse-std,test-rmse-mean,test-rmse-std
0,28772.064453,161.56407159679395,28785.8847656,665.1083425834419
