,train-rmse-mean,train-rmse-std,test-rmse-mean,test-rmse-std
0,28534.319140800002,162.1474306547975,28547.2179688,651.6781891818388
