,train-rmse-mean,train-rmse-std,test-rmse-mean,test-rmse-std
0,28811.1417968,184.93496169839804,28826.4550782,652.3728865092529
