,train-rmse-mean,train-rmse-std,test-rmse-mean,test-rmse-std
0,28616.4441406,161.75585589667966,28632.892968400003,669.9895615005473
