,train-rmse-mean,train-rmse-std,test-rmse-mean,test-rmse-std
0,30522.3363282,170.49303256634164,30516.0949218,673.7119211960102
